order_id,order_date,customer_name,city,segment,product_name,category,unit_price,quantity,revenue
594,2024-01-01,Customer 035,Delhi,Consumer,Whiteboard,Office Supplies,2000,4,8000
595,2024-01-01,Customer 034,Delhi,Corporate,Pen Set,Office Supplies,150,3,450
724,2024-01-01,Customer 022,Pune,Corporate,Smartphone,Technology,30000,4,120000
48,2024-01-02,Customer 038,Delhi,Small Business,Filing Cabinet,Furniture,9000,5,45000
166,2024-01-02,Customer 036,Delhi,Corporate,Office Chair,Furniture,8000,2,16000
261,2024-01-02,Customer 020,Hyderabad,Consumer,Filing Cabinet,Furniture,9000,1,9000
473,2024-01-02,Customer 003,Mumbai,Consumer,Monitor,Technology,12000,3,36000
763,2024-01-02,Customer 001,Bengaluru,Consumer,Headphones,Technology,2500,1,2500
190,2024-01-03,Customer 015,Bengaluru,Consumer,Printer Paper,Office Supplies,300,5,1500
607,2024-01-03,Customer 018,Mumbai,Corporate,Whiteboard,Office Supplies,2000,5,10000
278,2024-01-05,Customer 027,Delhi,Small Business,Whiteboard,Office Supplies,2000,1,2000
306,2024-01-06,Customer 010,Pune,Consumer,Stapler,Office Supplies,250,4,1000
202,2024-01-07,Customer 018,Mumbai,Corporate,Whiteboard,Office Supplies,2000,2,4000
574,2024-01-07,Customer 013,Mumbai,Corporate,Pen Set,Office Supplies,150,1,150
592,2024-01-07,Customer 033,Bengaluru,Corporate,Filing Cabinet,Furniture,9000,3,27000
722,2024-01-07,Customer 031,Mumbai,Corporate,Smartphone,Technology,30000,2,60000
791,2024-01-07,Customer 021,Delhi,Corporate,Monitor,Technology,12000,1,12000
3,2024-01-08,Customer 003,Mumbai,Consumer,Notebook,Office Supplies,80,3,240
347,2024-01-08,Customer 029,Pune,Consumer,Filing Cabinet,Furniture,9000,5,45000
751,2024-01-08,Customer 006,Pune,Corporate,Bookshelf,Furniture,6000,1,6000
523,2024-01-09,Customer 024,Hyderabad,Small Business,Pen Set,Office Supplies,150,2,300
94,2024-01-10,Customer 019,Bengaluru,Consumer,Headphones,Technology,2500,4,10000
230,2024-01-10,Customer 023,Bengaluru,Small Business,Desk,Furniture,15000,4,60000
120,2024-01-12,Customer 020,Hyderabad,Consumer,Notebook,Office Supplies,80,4,320
141,2024-01-12,Customer 035,Delhi,Consumer,Bookshelf,Furniture,6000,3,18000
341,2024-01-12,Customer 019,Bengaluru,Consumer,Smartphone,Technology,30000,1,30000
358,2024-01-12,Customer 020,Hyderabad,Consumer,Monitor,Technology,12000,2,24000
479,2024-01-12,Customer 022,Pune,Corporate,Printer Paper,Office Supplies,300,1,300
740,2024-01-12,Customer 021,Delhi,Corporate,Monitor,Technology,12000,4,48000
636,2024-01-13,Customer 022,Pune,Corporate,Stapler,Office Supplies,250,4,1000
720,2024-01-13,Customer 020,Hyderabad,Consumer,Pen Set,Office Supplies,150,2,300
794,2024-01-13,Customer 029,Pune,Consumer,Whiteboard,Office Supplies,2000,5,10000
554,2024-01-15,Customer 039,Bengaluru,Small Business,Printer Paper,Office Supplies,300,1,300
505,2024-01-18,Customer 011,Pune,Consumer,Bookshelf,Furniture,6000,4,24000
765,2024-01-18,Customer 027,Delhi,Small Business,Headphones,Technology,2500,3,7500
247,2024-01-19,Customer 024,Hyderabad,Small Business,Pen Set,Office Supplies,150,2,300
653,2024-01-19,Customer 026,Bengaluru,Small Business,Notebook,Office Supplies,80,3,240
593,2024-01-20,Customer 040,Mumbai,Small Business,Filing Cabinet,Furniture,9000,4,36000
372,2024-01-21,Customer 031,Mumbai,Corporate,Desk,Furniture,15000,5,75000
616,2024-01-21,Customer 018,Mumbai,Corporate,Notebook,Office Supplies,80,4,320
61,2024-01-22,Customer 036,Delhi,Corporate,Office Chair,Furniture,8000,1,8000
362,2024-01-22,Customer 022,Pune,Corporate,Notebook,Office Supplies,80,5,400
524,2024-01-22,Customer 008,Bengaluru,Consumer,Filing Cabinet,Furniture,9000,3,27000
793,2024-01-22,Customer 020,Hyderabad,Consumer,Office Chair,Furniture,8000,2,16000
165,2024-01-23,Customer 035,Delhi,Consumer,Monitor,Technology,12000,3,36000
16,2024-01-24,Customer 017,Delhi,Consumer,Whiteboard,Office Supplies,2000,2,4000
421,2024-01-24,Customer 012,Pune,Corporate,Filing Cabinet,Furniture,9000,5,45000
516,2024-01-24,Customer 022,Pune,Corporate,Notebook,Office Supplies,80,3,240
552,2024-01-26,Customer 027,Delhi,Small Business,Stapler,Office Supplies,250,1,250
744,2024-01-26,Customer 026,Bengaluru,Small Business,Whiteboard,Office Supplies,2000,3,6000
403,2024-01-28,Customer 022,Pune,Corporate,Office Chair,Furniture,8000,1,8000
56,2024-02-01,Customer 030,Bengaluru,Consumer,Stapler,Office Supplies,250,5,1250
382,2024-02-01,Customer 017,Delhi,Consumer,Headphones,Technology,2500,2,5000
626,2024-02-01,Customer 006,Pune,Corporate,Desk,Furniture,15000,5,75000
743,2024-02-01,Customer 017,Delhi,Consumer,Headphones,Technology,2500,1,2500
796,2024-02-01,Customer 004,Bengaluru,Small Business,Notebook,Office Supplies,80,2,160
385,2024-02-02,Customer 016,Hyderabad,Corporate,Bookshelf,Furniture,6000,5,30000
446,2024-02-02,Customer 037,Mumbai,Small Business,Office Chair,Furniture,8000,2,16000
779,2024-02-02,Customer 015,Bengaluru,Consumer,Whiteboard,Office Supplies,2000,4,8000
22,2024-02-03,Customer 032,Bengaluru,Consumer,Smartphone,Technology,30000,5,150000
57,2024-02-03,Customer 035,Delhi,Consumer,Headphones,Technology,2500,5,12500
284,2024-02-03,Customer 021,Delhi,Corporate,Stapler,Office Supplies,250,2,500
285,2024-02-05,Customer 018,Mumbai,Corporate,Stapler,Office Supplies,250,5,1250
307,2024-02-05,Customer 002,Delhi,Consumer,Smartphone,Technology,30000,5,150000
470,2024-02-05,Customer 007,Bengaluru,Consumer,Bookshelf,Furniture,6000,3,18000
624,2024-02-05,Customer 006,Pune,Corporate,Monitor,Technology,12000,4,48000
732,2024-02-05,Customer 008,Bengaluru,Consumer,Stapler,Office Supplies,250,4,1000
547,2024-02-06,Customer 035,Delhi,Consumer,Bookshelf,Furniture,6000,5,30000
632,2024-02-06,Customer 028,Pune,Corporate,Office Chair,Furniture,8000,4,32000
787,2024-02-06,Customer 029,Pune,Consumer,Filing Cabinet,Furniture,9000,3,27000
790,2024-02-06,Customer 020,Hyderabad,Consumer,Pen Set,Office Supplies,150,5,750
572,2024-02-07,Customer 038,Delhi,Small Business,Pen Set,Office Supplies,150,5,750
777,2024-02-07,Customer 034,Delhi,Corporate,Headphones,Technology,2500,4,10000
799,2024-02-07,Customer 029,Pune,Consumer,Notebook,Office Supplies,80,2,160
206,2024-02-08,Customer 008,Bengaluru,Consumer,Filing Cabinet,Furniture,9000,1,9000
262,2024-02-08,Customer 035,Delhi,Consumer,Monitor,Technology,12000,4,48000
328,2024-02-08,Customer 028,Pune,Corporate,Stapler,Office Supplies,250,4,1000
416,2024-02-08,Customer 024,Hyderabad,Small Business,Desk,Furniture,15000,4,60000
211,2024-02-09,Customer 027,Delhi,Small Business,Desk,Furniture,15000,5,75000
441,2024-02-09,Customer 013,Mumbai,Corporate,Printer Paper,Office Supplies,300,5,1500
15,2024-02-10,Customer 028,Pune,Corporate,Monitor,Technology,12000,4,48000
248,2024-02-10,Customer 021,Delhi,Corporate,Pen Set,Office Supplies,150,4,600
340,2024-02-10,Customer 030,Bengaluru,Consumer,Filing Cabinet,Furniture,9000,1,9000
610,2024-02-10,Customer 011,Pune,Consumer,Stapler,Office Supplies,250,2,500
351,2024-02-11,Customer 007,Bengaluru,Consumer,Whiteboard,Office Supplies,2000,4,8000
409,2024-02-11,Customer 019,Bengaluru,Consumer,Office Chair,Furniture,8000,4,32000
314,2024-02-12,Customer 028,Pune,Corporate,Smartphone,Technology,30000,3,90000
378,2024-02-12,Customer 015,Bengaluru,Consumer,Laptop,Technology,55000,3,165000
461,2024-02-13,Customer 033,Bengaluru,Corporate,Filing Cabinet,Furniture,9000,2,18000
468,2024-02-13,Customer 033,Bengaluru,Corporate,Filing Cabinet,Furniture,9000,5,45000
519,2024-02-13,Customer 007,Bengaluru,Consumer,Monitor,Technology,12000,2,24000
602,2024-02-13,Customer 025,Bengaluru,Corporate,Bookshelf,Furniture,6000,5,30000
294,2024-02-14,Customer 007,Bengaluru,Consumer,Pen Set,Office Supplies,150,3,450
425,2024-02-15,Customer 012,Pune,Corporate,Pen Set,Office Supplies,150,4,600
648,2024-02-15,Customer 039,Bengaluru,Small Business,Filing Cabinet,Furniture,9000,5,45000
769,2024-02-15,Customer 019,Bengaluru,Consumer,Notebook,Office Supplies,80,3,240
194,2024-02-16,Customer 023,Bengaluru,Small Business,Bookshelf,Furniture,6000,3,18000
338,2024-02-16,Customer 029,Pune,Consumer,Printer Paper,Office Supplies,300,3,900
604,2024-02-16,Customer 028,Pune,Corporate,Printer Paper,Office Supplies,300,3,900
142,2024-02-17,Customer 022,Pune,Corporate,Laptop,Technology,55000,4,220000
391,2024-02-17,Customer 035,Delhi,Consumer,Whiteboard,Office Supplies,2000,5,10000
443,2024-02-17,Customer 011,Pune,Consumer,Stapler,Office Supplies,250,5,1250
139,2024-02-19,Customer 016,Hyderabad,Corporate,Smartphone,Technology,30000,3,90000
171,2024-02-19,Customer 004,Bengaluru,Small Business,Monitor,Technology,12000,2,24000
353,2024-02-19,Customer 010,Pune,Consumer,Desk,Furniture,15000,3,45000
533,2024-02-19,Customer 008,Bengaluru,Consumer,Laptop,Technology,55000,5,275000
691,2024-02-19,Customer 008,Bengaluru,Consumer,Office Chair,Furniture,8000,5,40000
782,2024-02-19,Customer 037,Mumbai,Small Business,Laptop,Technology,55000,4,220000
233,2024-02-20,Customer 025,Bengaluru,Corporate,Stapler,Office Supplies,250,2,500
627,2024-02-20,Customer 039,Bengaluru,Small Business,Notebook,Office Supplies,80,3,240
357,2024-02-21,Customer 028,Pune,Corporate,Whiteboard,Office Supplies,2000,3,6000
88,2024-02-22,Customer 022,Pune,Corporate,Stapler,Office Supplies,250,3,750
413,2024-02-22,Customer 026,Bengaluru,Small Business,Desk,Furniture,15000,5,75000
677,2024-02-22,Customer 009,Mumbai,Small Business,Desk,Furniture,15000,1,15000
113,2024-02-23,Customer 019,Bengaluru,Consumer,Headphones,Technology,2500,3,7500
373,2024-02-23,Customer 034,Delhi,Corporate,Smartphone,Technology,30000,3,90000
450,2024-02-23,Customer 004,Bengaluru,Small Business,Monitor,Technology,12000,4,48000
629,2024-02-24,Customer 036,Delhi,Corporate,Headphones,Technology,2500,5,12500
10,2024-02-25,Customer 004,Bengaluru,Small Business,Smartphone,Technology,30000,2,60000
104,2024-02-25,Customer 028,Pune,Corporate,Headphones,Technology,2500,2,5000
374,2024-02-25,Customer 011,Pune,Consumer,Office Chair,Furniture,8000,4,32000
384,2024-02-25,Customer 019,Bengaluru,Consumer,Headphones,Technology,2500,3,7500
619,2024-02-25,Customer 040,Mumbai,Small Business,Office Chair,Furniture,8000,2,16000
426,2024-02-26,Customer 021,Delhi,Corporate,Printer Paper,Office Supplies,300,3,900
170,2024-02-27,Customer 005,Pune,Consumer,Bookshelf,Furniture,6000,4,24000
379,2024-02-27,Customer 022,Pune,Corporate,Notebook,Office Supplies,80,2,160
324,2024-02-28,Customer 021,Delhi,Corporate,Stapler,Office Supplies,250,4,1000
800,2024-02-28,Customer 022,Pune,Corporate,Smartphone,Technology,30000,1,30000
100,2024-03-01,Customer 003,Mumbai,Consumer,Headphones,Technology,2500,4,10000
179,2024-03-01,Customer 027,Delhi,Small Business,Filing Cabinet,Furniture,9000,5,45000
276,2024-03-01,Customer 023,Bengaluru,Small Business,Notebook,Office Supplies,80,2,160
380,2024-03-02,Customer 019,Bengaluru,Consumer,Filing Cabinet,Furniture,9000,2,18000
50,2024-03-03,Customer 039,Bengaluru,Small Business,Smartphone,Technology,30000,2,60000
399,2024-03-03,Customer 030,Bengaluru,Consumer,Laptop,Technology,55000,3,165000
501,2024-03-04,Customer 040,Mumbai,Small Business,Pen Set,Office Supplies,150,5,750
597,2024-03-04,Customer 007,Bengaluru,Consumer,Whiteboard,Office Supplies,2000,2,4000
23,2024-03-05,Customer 031,Mumbai,Corporate,Whiteboard,Office Supplies,2000,2,4000
360,2024-03-05,Customer 005,Pune,Consumer,Office Chair,Furniture,8000,1,8000
444,2024-03-06,Customer 040,Mumbai,Small Business,Pen Set,Office Supplies,150,5,750
46,2024-03-07,Customer 019,Bengaluru,Consumer,Headphones,Technology,2500,1,2500
249,2024-03-07,Customer 009,Mumbai,Small Business,Notebook,Office Supplies,80,5,400
797,2024-03-07,Customer 026,Bengaluru,Small Business,Desk,Furniture,15000,1,15000
7,2024-03-08,Customer 036,Delhi,Corporate,Whiteboard,Office Supplies,2000,3,6000
115,2024-03-08,Customer 025,Bengaluru,Corporate,Pen Set,Office Supplies,150,2,300
178,2024-03-08,Customer 012,Pune,Corporate,Whiteboard,Office Supplies,2000,1,2000
231,2024-03-08,Customer 034,Delhi,Corporate,Bookshelf,Furniture,6000,5,30000
430,2024-03-08,Customer 032,Bengaluru,Consumer,Laptop,Technology,55000,3,165000
768,2024-03-08,Customer 034,Delhi,Corporate,Laptop,Technology,55000,4,220000
39,2024-03-09,Customer 030,Bengaluru,Consumer,Headphones,Technology,2500,1,2500
62,2024-03-09,Customer 008,Bengaluru,Consumer,Smartphone,Technology,30000,5,150000
63,2024-03-09,Customer 019,Bengaluru,Consumer,Stapler,Office Supplies,250,2,500
333,2024-03-09,Customer 013,Mumbai,Corporate,Monitor,Technology,12000,5,60000
465,2024-03-09,Customer 024,Hyderabad,Small Business,Notebook,Office Supplies,80,4,320
137,2024-03-10,Customer 007,Bengaluru,Consumer,Stapler,Office Supplies,250,1,250
439,2024-03-10,Customer 011,Pune,Consumer,Monitor,Technology,12000,3,36000
638,2024-03-10,Customer 021,Delhi,Corporate,Stapler,Office Supplies,250,2,500
535,2024-03-11,Customer 034,Delhi,Corporate,Filing Cabinet,Furniture,9000,1,9000
683,2024-03-11,Customer 029,Pune,Consumer,Stapler,Office Supplies,250,1,250
309,2024-03-12,Customer 020,Hyderabad,Consumer,Pen Set,Office Supplies,150,3,450
658,2024-03-12,Customer 002,Delhi,Consumer,Filing Cabinet,Furniture,9000,1,9000
756,2024-03-12,Customer 009,Mumbai,Small Business,Pen Set,Office Supplies,150,3,450
476,2024-03-13,Customer 040,Mumbai,Small Business,Pen Set,Office Supplies,150,3,450
525,2024-03-13,Customer 033,Bengaluru,Corporate,Pen Set,Office Supplies,150,3,450
42,2024-03-14,Customer 032,Bengaluru,Consumer,Filing Cabinet,Furniture,9000,2,18000
71,2024-03-14,Customer 009,Mumbai,Small Business,Laptop,Technology,55000,3,165000
75,2024-03-14,Customer 002,Delhi,Consumer,Monitor,Technology,12000,3,36000
509,2024-03-14,Customer 012,Pune,Corporate,Laptop,Technology,55000,4,220000
716,2024-03-15,Customer 030,Bengaluru,Consumer,Laptop,Technology,55000,4,220000
192,2024-03-16,Customer 034,Delhi,Corporate,Printer Paper,Office Supplies,300,4,1200
681,2024-03-16,Customer 035,Delhi,Consumer,Pen Set,Office Supplies,150,2,300
483,2024-03-17,Customer 040,Mumbai,Small Business,Notebook,Office Supplies,80,4,320
557,2024-03-17,Customer 019,Bengaluru,Consumer,Headphones,Technology,2500,5,12500
295,2024-03-18,Customer 004,Bengaluru,Small Business,Stapler,Office Supplies,250,5,1250
408,2024-03-18,Customer 019,Bengaluru,Consumer,Desk,Furniture,15000,1,15000
363,2024-03-20,Customer 025,Bengaluru,Corporate,Monitor,Technology,12000,2,24000
432,2024-03-20,Customer 006,Pune,Corporate,Smartphone,Technology,30000,3,90000
646,2024-03-21,Customer 020,Hyderabad,Consumer,Headphones,Technology,2500,3,7500
390,2024-03-22,Customer 006,Pune,Corporate,Whiteboard,Office Supplies,2000,3,6000
68,2024-03-24,Customer 029,Pune,Consumer,Whiteboard,Office Supplies,2000,4,8000
548,2024-03-24,Customer 015,Bengaluru,Consumer,Laptop,Technology,55000,1,55000
311,2024-03-25,Customer 040,Mumbai,Small Business,Laptop,Technology,55000,1,55000
334,2024-03-25,Customer 005,Pune,Consumer,Monitor,Technology,12000,4,48000
544,2024-03-25,Customer 027,Delhi,Small Business,Desk,Furniture,15000,4,60000
702,2024-03-25,Customer 027,Delhi,Small Business,Laptop,Technology,55000,3,165000
185,2024-03-26,Customer 020,Hyderabad,Consumer,Stapler,Office Supplies,250,5,1250
698,2024-03-26,Customer 014,Pune,Corporate,Headphones,Technology,2500,1,2500
364,2024-03-27,Customer 040,Mumbai,Small Business,Notebook,Office Supplies,80,2,160
458,2024-03-27,Customer 021,Delhi,Corporate,Stapler,Office Supplies,250,3,750
484,2024-03-27,Customer 016,Hyderabad,Corporate,Laptop,Technology,55000,5,275000
127,2024-03-28,Customer 030,Bengaluru,Consumer,Monitor,Technology,12000,1,12000
513,2024-03-28,Customer 033,Bengaluru,Corporate,Filing Cabinet,Furniture,9000,3,27000
718,2024-03-28,Customer 018,Mumbai,Corporate,Smartphone,Technology,30000,3,90000
400,2024-04-02,Customer 013,Mumbai,Corporate,Laptop,Technology,55000,3,165000
30,2024-04-03,Customer 003,Mumbai,Consumer,Desk,Furniture,15000,1,15000
272,2024-04-03,Customer 036,Delhi,Corporate,Headphones,Technology,2500,5,12500
160,2024-04-04,Customer 013,Mumbai,Corporate,Desk,Furniture,15000,1,15000
795,2024-04-04,Customer 030,Bengaluru,Consumer,Smartphone,Technology,30000,2,60000
134,2024-04-05,Customer 031,Mumbai,Corporate,Printer Paper,Office Supplies,300,1,300
456,2024-04-05,Customer 007,Bengaluru,Consumer,Laptop,Technology,55000,3,165000
774,2024-04-05,Customer 001,Bengaluru,Consumer,Bookshelf,Furniture,6000,1,6000
786,2024-04-05,Customer 038,Delhi,Small Business,Smartphone,Technology,30000,2,60000
78,2024-04-07,Customer 030,Bengaluru,Consumer,Desk,Furniture,15000,3,45000
133,2024-04-07,Customer 002,Delhi,Consumer,Stapler,Office Supplies,250,2,500
553,2024-04-07,Customer 005,Pune,Consumer,Smartphone,Technology,30000,5,150000
598,2024-04-07,Customer 040,Mumbai,Small Business,Whiteboard,Office Supplies,2000,3,6000
606,2024-04-07,Customer 037,Mumbai,Small Business,Filing Cabinet,Furniture,9000,3,27000
696,2024-04-07,Customer 038,Delhi,Small Business,Pen Set,Office Supplies,150,3,450
79,2024-04-08,Customer 002,Delhi,Consumer,Printer Paper,Office Supplies,300,2,600
492,2024-04-08,Customer 018,Mumbai,Corporate,Whiteboard,Office Supplies,2000,3,6000
502,2024-04-08,Customer 004,Bengaluru,Small Business,Printer Paper,Office Supplies,300,5,1500
527,2024-04-08,Customer 009,Mumbai,Small Business,Filing Cabinet,Furniture,9000,2,18000
670,2024-04-09,Customer 005,Pune,Consumer,Stapler,Office Supplies,250,1,250
734,2024-04-09,Customer 006,Pune,Corporate,Headphones,Technology,2500,5,12500
368,2024-04-10,Customer 031,Mumbai,Corporate,Headphones,Technology,2500,3,7500
493,2024-04-10,Customer 019,Bengaluru,Consumer,Pen Set,Office Supplies,150,2,300
559,2024-04-10,Customer 010,Pune,Consumer,Printer Paper,Office Supplies,300,5,1500
678,2024-04-10,Customer 008,Bengaluru,Consumer,Monitor,Technology,12000,3,36000
688,2024-04-10,Customer 003,Mumbai,Consumer,Office Chair,Furniture,8000,2,16000
330,2024-04-11,Customer 011,Pune,Consumer,Smartphone,Technology,30000,5,150000
584,2024-04-11,Customer 015,Bengaluru,Consumer,Bookshelf,Furniture,6000,5,30000
156,2024-04-13,Customer 016,Hyderabad,Corporate,Office Chair,Furniture,8000,5,40000
308,2024-04-13,Customer 027,Delhi,Small Business,Filing Cabinet,Furniture,9000,3,27000
290,2024-04-14,Customer 022,Pune,Corporate,Filing Cabinet,Furniture,9000,4,36000
560,2024-04-14,Customer 020,Hyderabad,Consumer,Office Chair,Furniture,8000,1,8000
766,2024-04-14,Customer 021,Delhi,Corporate,Office Chair,Furniture,8000,1,8000
455,2024-04-15,Customer 008,Bengaluru,Consumer,Office Chair,Furniture,8000,4,32000
635,2024-04-15,Customer 007,Bengaluru,Consumer,Monitor,Technology,12000,3,36000
122,2024-04-16,Customer 015,Bengaluru,Consumer,Office Chair,Furniture,8000,4,32000
573,2024-04-16,Customer 014,Pune,Corporate,Desk,Furniture,15000,3,45000
585,2024-04-16,Customer 036,Delhi,Corporate,Printer Paper,Office Supplies,300,3,900
738,2024-04-16,Customer 025,Bengaluru,Corporate,Smartphone,Technology,30000,2,60000
655,2024-04-17,Customer 034,Delhi,Corporate,Whiteboard,Office Supplies,2000,5,10000
32,2024-04-18,Customer 009,Mumbai,Small Business,Pen Set,Office Supplies,150,5,750
38,2024-04-18,Customer 029,Pune,Consumer,Monitor,Technology,12000,4,48000
556,2024-04-18,Customer 014,Pune,Corporate,Notebook,Office Supplies,80,1,80
775,2024-04-18,Customer 023,Bengaluru,Small Business,Printer Paper,Office Supplies,300,1,300
462,2024-04-19,Customer 023,Bengaluru,Small Business,Laptop,Technology,55000,1,55000
609,2024-04-19,Customer 010,Pune,Consumer,Notebook,Office Supplies,80,4,320
281,2024-04-20,Customer 003,Mumbai,Consumer,Pen Set,Office Supplies,150,5,750
472,2024-04-20,Customer 033,Bengaluru,Corporate,Bookshelf,Furniture,6000,5,30000
177,2024-04-21,Customer 014,Pune,Corporate,Office Chair,Furniture,8000,1,8000
503,2024-04-21,Customer 015,Bengaluru,Consumer,Laptop,Technology,55000,1,55000
99,2024-04-22,Customer 020,Hyderabad,Consumer,Headphones,Technology,2500,2,5000
154,2024-04-23,Customer 031,Mumbai,Corporate,Printer Paper,Office Supplies,300,4,1200
717,2024-04-23,Customer 009,Mumbai,Small Business,Printer Paper,Office Supplies,300,3,900
153,2024-04-24,Customer 027,Delhi,Small Business,Filing Cabinet,Furniture,9000,5,45000
227,2024-04-24,Customer 006,Pune,Corporate,Bookshelf,Furniture,6000,1,6000
555,2024-04-24,Customer 003,Mumbai,Consumer,Bookshelf,Furniture,6000,4,24000
634,2024-04-24,Customer 032,Bengaluru,Consumer,Stapler,Office Supplies,250,5,1250
318,2024-04-25,Customer 009,Mumbai,Small Business,Notebook,Office Supplies,80,3,240
459,2024-04-25,Customer 011,Pune,Consumer,Filing Cabinet,Furniture,9000,5,45000
371,2024-04-26,Customer 039,Bengaluru,Small Business,Monitor,Technology,12000,3,36000
514,2024-04-26,Customer 008,Bengaluru,Consumer,Desk,Furniture,15000,2,30000
111,2024-04-27,Customer 018,Mumbai,Corporate,Notebook,Office Supplies,80,5,400
118,2024-04-27,Customer 027,Delhi,Small Business,Bookshelf,Furniture,6000,5,30000
273,2024-04-27,Customer 015,Bengaluru,Consumer,Desk,Furniture,15000,2,30000
106,2024-04-28,Customer 008,Bengaluru,Consumer,Filing Cabinet,Furniture,9000,2,18000
267,2024-04-28,Customer 024,Hyderabad,Small Business,Smartphone,Technology,30000,3,90000
300,2024-04-28,Customer 007,Bengaluru,Consumer,Desk,Furniture,15000,5,75000
242,2024-05-01,Customer 037,Mumbai,Small Business,Printer Paper,Office Supplies,300,1,300
86,2024-05-02,Customer 028,Pune,Corporate,Laptop,Technology,55000,5,275000
402,2024-05-02,Customer 013,Mumbai,Corporate,Office Chair,Furniture,8000,3,24000
663,2024-05-02,Customer 008,Bengaluru,Consumer,Laptop,Technology,55000,3,165000
719,2024-05-03,Customer 024,Hyderabad,Small Business,Printer Paper,Office Supplies,300,2,600
748,2024-05-03,Customer 033,Bengaluru,Corporate,Headphones,Technology,2500,2,5000
58,2024-05-05,Customer 023,Bengaluru,Small Business,Smartphone,Technology,30000,2,60000
442,2024-05-05,Customer 020,Hyderabad,Consumer,Stapler,Office Supplies,250,5,1250
193,2024-05-06,Customer 038,Delhi,Small Business,Bookshelf,Furniture,6000,4,24000
54,2024-05-07,Customer 021,Delhi,Corporate,Headphones,Technology,2500,3,7500
269,2024-05-07,Customer 008,Bengaluru,Consumer,Filing Cabinet,Furniture,9000,1,9000
568,2024-05-07,Customer 022,Pune,Corporate,Printer Paper,Office Supplies,300,1,300
21,2024-05-08,Customer 004,Bengaluru,Small Business,Headphones,Technology,2500,5,12500
164,2024-05-08,Customer 024,Hyderabad,Small Business,Monitor,Technology,12000,3,36000
352,2024-05-09,Customer 039,Bengaluru,Small Business,Monitor,Technology,12000,3,36000
631,2024-05-10,Customer 018,Mumbai,Corporate,Filing Cabinet,Furniture,9000,2,18000
147,2024-05-11,Customer 016,Hyderabad,Corporate,Smartphone,Technology,30000,3,90000
151,2024-05-11,Customer 018,Mumbai,Corporate,Stapler,Office Supplies,250,3,750
198,2024-05-11,Customer 008,Bengaluru,Consumer,Notebook,Office Supplies,80,4,320
223,2024-05-11,Customer 040,Mumbai,Small Business,Pen Set,Office Supplies,150,4,600
319,2024-05-11,Customer 008,Bengaluru,Consumer,Laptop,Technology,55000,4,220000
712,2024-05-11,Customer 019,Bengaluru,Consumer,Desk,Furniture,15000,5,75000
128,2024-05-13,Customer 021,Delhi,Corporate,Headphones,Technology,2500,4,10000
349,2024-05-13,Customer 027,Delhi,Small Business,Notebook,Office Supplies,80,3,240
564,2024-05-13,Customer 012,Pune,Corporate,Notebook,Office Supplies,80,5,400
659,2024-05-14,Customer 006,Pune,Corporate,Smartphone,Technology,30000,2,60000
186,2024-05-15,Customer 008,Bengaluru,Consumer,Filing Cabinet,Furniture,9000,3,27000
203,2024-05-15,Customer 032,Bengaluru,Consumer,Smartphone,Technology,30000,1,30000
282,2024-05-15,Customer 002,Delhi,Consumer,Laptop,Technology,55000,4,220000
312,2024-05-15,Customer 028,Pune,Corporate,Filing Cabinet,Furniture,9000,5,45000
512,2024-05-15,Customer 035,Delhi,Consumer,Whiteboard,Office Supplies,2000,4,8000
549,2024-05-15,Customer 035,Delhi,Consumer,Bookshelf,Furniture,6000,5,30000
623,2024-05-15,Customer 024,Hyderabad,Small Business,Notebook,Office Supplies,80,3,240
463,2024-05-16,Customer 039,Bengaluru,Small Business,Printer Paper,Office Supplies,300,4,1200
633,2024-05-16,Customer 005,Pune,Consumer,Desk,Furniture,15000,3,45000
24,2024-05-17,Customer 039,Bengaluru,Small Business,Bookshelf,Furniture,6000,2,12000
401,2024-05-17,Customer 026,Bengaluru,Small Business,Whiteboard,Office Supplies,2000,4,8000
758,2024-05-17,Customer 005,Pune,Consumer,Office Chair,Furniture,8000,5,40000
13,2024-05-18,Customer 001,Bengaluru,Consumer,Printer Paper,Office Supplies,300,1,300
205,2024-05-18,Customer 001,Bengaluru,Consumer,Whiteboard,Office Supplies,2000,4,8000
464,2024-05-18,Customer 001,Bengaluru,Consumer,Smartphone,Technology,30000,4,120000
138,2024-05-19,Customer 025,Bengaluru,Corporate,Bookshelf,Furniture,6000,2,12000
339,2024-05-19,Customer 004,Bengaluru,Small Business,Desk,Furniture,15000,5,75000
511,2024-05-19,Customer 039,Bengaluru,Small Business,Smartphone,Technology,30000,3,90000
701,2024-05-19,Customer 018,Mumbai,Corporate,Whiteboard,Office Supplies,2000,1,2000
298,2024-05-20,Customer 020,Hyderabad,Consumer,Desk,Furniture,15000,1,15000
2,2024-05-21,Customer 036,Delhi,Corporate,Headphones,Technology,2500,3,7500
601,2024-05-22,Customer 006,Pune,Corporate,Printer Paper,Office Supplies,300,1,300
305,2024-05-23,Customer 020,Hyderabad,Consumer,Desk,Furniture,15000,3,45000
498,2024-05-23,Customer 006,Pune,Corporate,Desk,Furniture,15000,4,60000
750,2024-05-23,Customer 028,Pune,Corporate,Pen Set,Office Supplies,150,2,300
640,2024-05-24,Customer 032,Bengaluru,Consumer,Stapler,Office Supplies,250,2,500
367,2024-05-25,Customer 029,Pune,Consumer,Headphones,Technology,2500,5,12500
586,2024-05-25,Customer 032,Bengaluru,Consumer,Pen Set,Office Supplies,150,4,600
182,2024-05-26,Customer 038,Delhi,Small Business,Printer Paper,Office Supplies,300,2,600
130,2024-05-27,Customer 006,Pune,Corporate,Filing Cabinet,Furniture,9000,1,9000
184,2024-05-27,Customer 010,Pune,Consumer,Smartphone,Technology,30000,1,30000
212,2024-05-27,Customer 001,Bengaluru,Consumer,Office Chair,Furniture,8000,3,24000
251,2024-05-27,Customer 031,Mumbai,Corporate,Notebook,Office Supplies,80,3,240
469,2024-05-27,Customer 040,Mumbai,Small Business,Printer Paper,Office Supplies,300,5,1500
428,2024-05-28,Customer 011,Pune,Consumer,Pen Set,Office Supplies,150,2,300
694,2024-05-28,Customer 003,Mumbai,Consumer,Filing Cabinet,Furniture,9000,3,27000
28,2024-06-01,Customer 038,Delhi,Small Business,Whiteboard,Office Supplies,2000,2,4000
82,2024-06-01,Customer 008,Bengaluru,Consumer,Office Chair,Furniture,8000,2,16000
684,2024-06-01,Customer 032,Bengaluru,Consumer,Monitor,Technology,12000,2,24000
776,2024-06-01,Customer 025,Bengaluru,Corporate,Pen Set,Office Supplies,150,3,450
466,2024-06-02,Customer 026,Bengaluru,Small Business,Laptop,Technology,55000,5,275000
760,2024-06-02,Customer 032,Bengaluru,Consumer,Stapler,Office Supplies,250,2,500
255,2024-06-03,Customer 026,Bengaluru,Small Business,Laptop,Technology,55000,3,165000
770,2024-06-03,Customer 036,Delhi,Corporate,Filing Cabinet,Furniture,9000,1,9000
301,2024-06-04,Customer 018,Mumbai,Corporate,Stapler,Office Supplies,250,2,500
642,2024-06-04,Customer 037,Mumbai,Small Business,Headphones,Technology,2500,5,12500
551,2024-06-05,Customer 018,Mumbai,Corporate,Headphones,Technology,2500,1,2500
136,2024-06-06,Customer 039,Bengaluru,Small Business,Stapler,Office Supplies,250,1,250
150,2024-06-06,Customer 032,Bengaluru,Consumer,Headphones,Technology,2500,3,7500
169,2024-06-06,Customer 004,Bengaluru,Small Business,Office Chair,Furniture,8000,4,32000
490,2024-06-06,Customer 030,Bengaluru,Consumer,Whiteboard,Office Supplies,2000,3,6000
761,2024-06-06,Customer 017,Delhi,Consumer,Notebook,Office Supplies,80,1,80
771,2024-06-07,Customer 019,Bengaluru,Consumer,Stapler,Office Supplies,250,3,750
9,2024-06-08,Customer 009,Mumbai,Small Business,Whiteboard,Office Supplies,2000,4,8000
271,2024-06-08,Customer 009,Mumbai,Small Business,Notebook,Office Supplies,80,5,400
599,2024-06-09,Customer 026,Bengaluru,Small Business,Smartphone,Technology,30000,3,90000
59,2024-06-10,Customer 011,Pune,Consumer,Filing Cabinet,Furniture,9000,5,45000
507,2024-06-10,Customer 004,Bengaluru,Small Business,Notebook,Office Supplies,80,1,80
522,2024-06-10,Customer 038,Delhi,Small Business,Pen Set,Office Supplies,150,5,750
660,2024-06-10,Customer 022,Pune,Corporate,Filing Cabinet,Furniture,9000,2,18000
727,2024-06-10,Customer 009,Mumbai,Small Business,Bookshelf,Furniture,6000,2,12000
114,2024-06-11,Customer 035,Delhi,Consumer,Smartphone,Technology,30000,2,60000
129,2024-06-11,Customer 025,Bengaluru,Corporate,Office Chair,Furniture,8000,4,32000
332,2024-06-12,Customer 010,Pune,Consumer,Headphones,Technology,2500,1,2500
418,2024-06-12,Customer 029,Pune,Consumer,Notebook,Office Supplies,80,1,80
622,2024-06-12,Customer 007,Bengaluru,Consumer,Smartphone,Technology,30000,1,30000
612,2024-06-13,Customer 009,Mumbai,Small Business,Notebook,Office Supplies,80,1,80
641,2024-06-13,Customer 018,Mumbai,Corporate,Notebook,Office Supplies,80,4,320
35,2024-06-14,Customer 027,Delhi,Small Business,Filing Cabinet,Furniture,9000,1,9000
404,2024-06-14,Customer 026,Bengaluru,Small Business,Pen Set,Office Supplies,150,4,600
486,2024-06-14,Customer 010,Pune,Consumer,Bookshelf,Furniture,6000,2,12000
581,2024-06-14,Customer 003,Mumbai,Consumer,Stapler,Office Supplies,250,2,500
733,2024-06-14,Customer 021,Delhi,Corporate,Notebook,Office Supplies,80,2,160
411,2024-06-15,Customer 003,Mumbai,Consumer,Pen Set,Office Supplies,150,3,450
637,2024-06-15,Customer 022,Pune,Corporate,Bookshelf,Furniture,6000,5,30000
785,2024-06-15,Customer 018,Mumbai,Corporate,Headphones,Technology,2500,1,2500
20,2024-06-16,Customer 002,Delhi,Consumer,Smartphone,Technology,30000,3,90000
157,2024-06-16,Customer 036,Delhi,Corporate,Whiteboard,Office Supplies,2000,3,6000
250,2024-06-17,Customer 033,Bengaluru,Corporate,Office Chair,Furniture,8000,2,16000
429,2024-06-17,Customer 015,Bengaluru,Consumer,Smartphone,Technology,30000,2,60000
454,2024-06-17,Customer 036,Delhi,Corporate,Smartphone,Technology,30000,3,90000
579,2024-06-17,Customer 032,Bengaluru,Consumer,Filing Cabinet,Furniture,9000,1,9000
755,2024-06-17,Customer 034,Delhi,Corporate,Notebook,Office Supplies,80,3,240
117,2024-06-18,Customer 030,Bengaluru,Consumer,Bookshelf,Furniture,6000,1,6000
397,2024-06-18,Customer 022,Pune,Corporate,Printer Paper,Office Supplies,300,2,600
471,2024-06-18,Customer 024,Hyderabad,Small Business,Notebook,Office Supplies,80,2,160
495,2024-06-18,Customer 018,Mumbai,Corporate,Office Chair,Furniture,8000,1,8000
692,2024-06-18,Customer 003,Mumbai,Consumer,Notebook,Office Supplies,80,4,320
558,2024-06-19,Customer 039,Bengaluru,Small Business,Notebook,Office Supplies,80,3,240
709,2024-06-19,Customer 001,Bengaluru,Consumer,Notebook,Office Supplies,80,1,80
201,2024-06-20,Customer 032,Bengaluru,Consumer,Printer Paper,Office Supplies,300,4,1200
81,2024-06-21,Customer 033,Bengaluru,Corporate,Bookshelf,Furniture,6000,5,30000
420,2024-06-21,Customer 018,Mumbai,Corporate,Headphones,Technology,2500,1,2500
435,2024-06-21,Customer 005,Pune,Consumer,Filing Cabinet,Furniture,9000,4,36000
195,2024-06-22,Customer 007,Bengaluru,Consumer,Monitor,Technology,12000,3,36000
292,2024-06-22,Customer 017,Delhi,Consumer,Desk,Furniture,15000,2,30000
489,2024-06-22,Customer 031,Mumbai,Corporate,Whiteboard,Office Supplies,2000,4,8000
346,2024-06-23,Customer 006,Pune,Corporate,Whiteboard,Office Supplies,2000,2,4000
67,2024-06-25,Customer 009,Mumbai,Small Business,Printer Paper,Office Supplies,300,3,900
108,2024-06-25,Customer 029,Pune,Consumer,Stapler,Office Supplies,250,5,1250
359,2024-06-25,Customer 032,Bengaluru,Consumer,Headphones,Technology,2500,2,5000
497,2024-06-25,Customer 010,Pune,Consumer,Office Chair,Furniture,8000,1,8000
577,2024-06-25,Customer 019,Bengaluru,Consumer,Bookshelf,Furniture,6000,4,24000
72,2024-06-26,Customer 003,Mumbai,Consumer,Desk,Furniture,15000,2,30000
394,2024-06-26,Customer 005,Pune,Consumer,Desk,Furniture,15000,2,30000
406,2024-06-26,Customer 034,Delhi,Corporate,Office Chair,Furniture,8000,1,8000
784,2024-06-26,Customer 026,Bengaluru,Small Business,Pen Set,Office Supplies,150,3,450
445,2024-06-27,Customer 037,Mumbai,Small Business,Laptop,Technology,55000,1,55000
220,2024-06-28,Customer 007,Bengaluru,Consumer,Filing Cabinet,Furniture,9000,1,9000
337,2024-06-28,Customer 021,Delhi,Corporate,Monitor,Technology,12000,4,48000
675,2024-06-28,Customer 030,Bengaluru,Consumer,Stapler,Office Supplies,250,2,500
695,2024-06-28,Customer 006,Pune,Corporate,Filing Cabinet,Furniture,9000,1,9000
326,2024-07-01,Customer 021,Delhi,Corporate,Monitor,Technology,12000,5,60000
628,2024-07-01,Customer 019,Bengaluru,Consumer,Bookshelf,Furniture,6000,4,24000
668,2024-07-01,Customer 040,Mumbai,Small Business,Headphones,Technology,2500,4,10000
43,2024-07-02,Customer 011,Pune,Consumer,Bookshelf,Furniture,6000,1,6000
217,2024-07-02,Customer 021,Delhi,Corporate,Pen Set,Office Supplies,150,4,600
726,2024-07-03,Customer 007,Bengaluru,Consumer,Smartphone,Technology,30000,3,90000
51,2024-07-04,Customer 037,Mumbai,Small Business,Headphones,Technology,2500,5,12500
183,2024-07-04,Customer 035,Delhi,Consumer,Headphones,Technology,2500,2,5000
288,2024-07-04,Customer 008,Bengaluru,Consumer,Printer Paper,Office Supplies,300,5,1500
654,2024-07-04,Customer 001,Bengaluru,Consumer,Smartphone,Technology,30000,3,90000
788,2024-07-04,Customer 035,Delhi,Consumer,Desk,Furniture,15000,2,30000
55,2024-07-05,Customer 020,Hyderabad,Consumer,Filing Cabinet,Furniture,9000,3,27000
618,2024-07-06,Customer 038,Delhi,Small Business,Printer Paper,Office Supplies,300,4,1200
34,2024-07-07,Customer 007,Bengaluru,Consumer,Smartphone,Technology,30000,4,120000
210,2024-07-07,Customer 039,Bengaluru,Small Business,Whiteboard,Office Supplies,2000,2,4000
711,2024-07-07,Customer 028,Pune,Corporate,Headphones,Technology,2500,4,10000
521,2024-07-08,Customer 029,Pune,Consumer,Notebook,Office Supplies,80,3,240
614,2024-07-08,Customer 005,Pune,Consumer,Desk,Furniture,15000,5,75000
4,2024-07-09,Customer 005,Pune,Consumer,Headphones,Technology,2500,5,12500
44,2024-07-09,Customer 030,Bengaluru,Consumer,Office Chair,Furniture,8000,4,32000
540,2024-07-09,Customer 001,Bengaluru,Consumer,Pen Set,Office Supplies,150,2,300
80,2024-07-11,Customer 018,Mumbai,Corporate,Smartphone,Technology,30000,3,90000
225,2024-07-11,Customer 032,Bengaluru,Consumer,Whiteboard,Office Supplies,2000,1,2000
405,2024-07-11,Customer 012,Pune,Corporate,Filing Cabinet,Furniture,9000,4,36000
504,2024-07-11,Customer 031,Mumbai,Corporate,Smartphone,Technology,30000,2,60000
84,2024-07-12,Customer 021,Delhi,Corporate,Bookshelf,Furniture,6000,5,30000
12,2024-07-13,Customer 039,Bengaluru,Small Business,Filing Cabinet,Furniture,9000,5,45000
283,2024-07-14,Customer 007,Bengaluru,Consumer,Filing Cabinet,Furniture,9000,4,36000
600,2024-07-15,Customer 037,Mumbai,Small Business,Headphones,Technology,2500,2,5000
657,2024-07-15,Customer 038,Delhi,Small Business,Pen Set,Office Supplies,150,5,750
451,2024-07-16,Customer 030,Bengaluru,Consumer,Headphones,Technology,2500,3,7500
370,2024-07-17,Customer 034,Delhi,Corporate,Bookshelf,Furniture,6000,2,12000
377,2024-07-17,Customer 024,Hyderabad,Small Business,Headphones,Technology,2500,4,10000
438,2024-07-17,Customer 004,Bengaluru,Small Business,Smartphone,Technology,30000,5,150000
487,2024-07-17,Customer 040,Mumbai,Small Business,Filing Cabinet,Furniture,9000,1,9000
121,2024-07-18,Customer 035,Delhi,Consumer,Notebook,Office Supplies,80,5,400
422,2024-07-18,Customer 008,Bengaluru,Consumer,Office Chair,Furniture,8000,3,24000
649,2024-07-18,Customer 033,Bengaluru,Corporate,Pen Set,Office Supplies,150,4,600
685,2024-07-18,Customer 033,Bengaluru,Corporate,Printer Paper,Office Supplies,300,4,1200
240,2024-07-19,Customer 023,Bengaluru,Small Business,Stapler,Office Supplies,250,3,750
480,2024-07-19,Customer 020,Hyderabad,Consumer,Notebook,Office Supplies,80,1,80
74,2024-07-20,Customer 010,Pune,Consumer,Headphones,Technology,2500,2,5000
731,2024-07-20,Customer 029,Pune,Consumer,Headphones,Technology,2500,1,2500
6,2024-07-21,Customer 030,Bengaluru,Consumer,Monitor,Technology,12000,3,36000
721,2024-07-21,Customer 006,Pune,Corporate,Pen Set,Office Supplies,150,1,150
26,2024-07-22,Customer 024,Hyderabad,Small Business,Filing Cabinet,Furniture,9000,5,45000
92,2024-07-22,Customer 025,Bengaluru,Corporate,Printer Paper,Office Supplies,300,2,600
571,2024-07-22,Customer 039,Bengaluru,Small Business,Stapler,Office Supplies,250,1,250
686,2024-07-22,Customer 032,Bengaluru,Consumer,Bookshelf,Furniture,6000,4,24000
196,2024-07-23,Customer 032,Bengaluru,Consumer,Office Chair,Furniture,8000,4,32000
433,2024-07-23,Customer 031,Mumbai,Corporate,Whiteboard,Office Supplies,2000,4,8000
621,2024-07-23,Customer 010,Pune,Consumer,Pen Set,Office Supplies,150,4,600
746,2024-07-23,Customer 026,Bengaluru,Small Business,Smartphone,Technology,30000,5,150000
158,2024-07-24,Customer 036,Delhi,Corporate,Desk,Furniture,15000,3,45000
189,2024-07-24,Customer 021,Delhi,Corporate,Stapler,Office Supplies,250,3,750
291,2024-07-24,Customer 007,Bengaluru,Consumer,Desk,Furniture,15000,4,60000
76,2024-07-26,Customer 016,Hyderabad,Corporate,Office Chair,Furniture,8000,2,16000
109,2024-07-27,Customer 036,Delhi,Corporate,Filing Cabinet,Furniture,9000,2,18000
434,2024-07-27,Customer 037,Mumbai,Small Business,Smartphone,Technology,30000,2,60000
550,2024-07-27,Customer 015,Bengaluru,Consumer,Headphones,Technology,2500,4,10000
222,2024-07-28,Customer 010,Pune,Consumer,Smartphone,Technology,30000,4,120000
239,2024-07-28,Customer 031,Mumbai,Corporate,Smartphone,Technology,30000,2,60000
302,2024-07-28,Customer 036,Delhi,Corporate,Notebook,Office Supplies,80,5,400
457,2024-07-28,Customer 040,Mumbai,Small Business,Bookshelf,Furniture,6000,2,12000
123,2024-08-01,Customer 025,Bengaluru,Corporate,Desk,Furniture,15000,4,60000
258,2024-08-01,Customer 040,Mumbai,Small Business,Whiteboard,Office Supplies,2000,3,6000
219,2024-08-02,Customer 009,Mumbai,Small Business,Whiteboard,Office Supplies,2000,5,10000
543,2024-08-02,Customer 019,Bengaluru,Consumer,Bookshelf,Furniture,6000,2,12000
566,2024-08-02,Customer 036,Delhi,Corporate,Bookshelf,Furniture,6000,4,24000
603,2024-08-02,Customer 001,Bengaluru,Consumer,Pen Set,Office Supplies,150,2,300
778,2024-08-02,Customer 010,Pune,Consumer,Pen Set,Office Supplies,150,3,450
253,2024-08-03,Customer 010,Pune,Consumer,Notebook,Office Supplies,80,2,160
386,2024-08-03,Customer 008,Bengaluru,Consumer,Filing Cabinet,Furniture,9000,5,45000
27,2024-08-04,Customer 016,Hyderabad,Corporate,Headphones,Technology,2500,1,2500
143,2024-08-04,Customer 028,Pune,Corporate,Desk,Furniture,15000,4,60000
672,2024-08-04,Customer 017,Delhi,Consumer,Printer Paper,Office Supplies,300,4,1200
705,2024-08-05,Customer 037,Mumbai,Small Business,Printer Paper,Office Supplies,300,3,900
510,2024-08-06,Customer 019,Bengaluru,Consumer,Laptop,Technology,55000,1,55000
587,2024-08-06,Customer 023,Bengaluru,Small Business,Monitor,Technology,12000,2,24000
687,2024-08-06,Customer 006,Pune,Corporate,Stapler,Office Supplies,250,1,250
148,2024-08-08,Customer 030,Bengaluru,Consumer,Stapler,Office Supplies,250,5,1250
209,2024-08-08,Customer 030,Bengaluru,Consumer,Whiteboard,Office Supplies,2000,2,4000
449,2024-08-08,Customer 026,Bengaluru,Small Business,Office Chair,Furniture,8000,4,32000
565,2024-08-08,Customer 015,Bengaluru,Consumer,Office Chair,Furniture,8000,2,16000
617,2024-08-08,Customer 023,Bengaluru,Small Business,Whiteboard,Office Supplies,2000,4,8000
175,2024-08-10,Customer 038,Delhi,Small Business,Bookshelf,Furniture,6000,3,18000
180,2024-08-10,Customer 003,Mumbai,Consumer,Headphones,Technology,2500,3,7500
236,2024-08-10,Customer 035,Delhi,Consumer,Monitor,Technology,12000,1,12000
789,2024-08-10,Customer 030,Bengaluru,Consumer,Office Chair,Furniture,8000,1,8000
520,2024-08-11,Customer 016,Hyderabad,Corporate,Laptop,Technology,55000,3,165000
639,2024-08-11,Customer 012,Pune,Corporate,Bookshelf,Furniture,6000,3,18000
237,2024-08-12,Customer 038,Delhi,Small Business,Office Chair,Furniture,8000,4,32000
263,2024-08-12,Customer 035,Delhi,Consumer,Bookshelf,Furniture,6000,5,30000
376,2024-08-12,Customer 002,Delhi,Consumer,Bookshelf,Furniture,6000,1,6000
730,2024-08-12,Customer 014,Pune,Corporate,Printer Paper,Office Supplies,300,2,600
764,2024-08-12,Customer 025,Bengaluru,Corporate,Monitor,Technology,12000,2,24000
103,2024-08-13,Customer 016,Hyderabad,Corporate,Monitor,Technology,12000,1,12000
200,2024-08-14,Customer 004,Bengaluru,Small Business,Headphones,Technology,2500,5,12500
313,2024-08-14,Customer 018,Mumbai,Corporate,Headphones,Technology,2500,5,12500
146,2024-08-15,Customer 028,Pune,Corporate,Pen Set,Office Supplies,150,5,750
188,2024-08-15,Customer 006,Pune,Corporate,Stapler,Office Supplies,250,1,250
460,2024-08-16,Customer 020,Hyderabad,Consumer,Filing Cabinet,Furniture,9000,1,9000
474,2024-08-17,Customer 030,Bengaluru,Consumer,Monitor,Technology,12000,5,60000
625,2024-08-18,Customer 036,Delhi,Corporate,Whiteboard,Office Supplies,2000,4,8000
234,2024-08-19,Customer 010,Pune,Consumer,Headphones,Technology,2500,4,10000
265,2024-08-20,Customer 027,Delhi,Small Business,Office Chair,Furniture,8000,1,8000
752,2024-08-20,Customer 039,Bengaluru,Small Business,Laptop,Technology,55000,3,165000
112,2024-08-21,Customer 016,Hyderabad,Corporate,Office Chair,Furniture,8000,4,32000
448,2024-08-21,Customer 035,Delhi,Consumer,Office Chair,Furniture,8000,3,24000
506,2024-08-21,Customer 013,Mumbai,Corporate,Notebook,Office Supplies,80,3,240
739,2024-08-21,Customer 039,Bengaluru,Small Business,Smartphone,Technology,30000,5,150000
96,2024-08-22,Customer 014,Pune,Corporate,Whiteboard,Office Supplies,2000,4,8000
107,2024-08-22,Customer 034,Delhi,Corporate,Whiteboard,Office Supplies,2000,5,10000
336,2024-08-22,Customer 037,Mumbai,Small Business,Printer Paper,Office Supplies,300,5,1500
478,2024-08-23,Customer 037,Mumbai,Small Business,Office Chair,Furniture,8000,4,32000
528,2024-08-24,Customer 039,Bengaluru,Small Business,Desk,Furniture,15000,4,60000
662,2024-08-24,Customer 029,Pune,Consumer,Desk,Furniture,15000,1,15000
335,2024-08-25,Customer 037,Mumbai,Small Business,Notebook,Office Supplies,80,5,400
742,2024-08-25,Customer 005,Pune,Consumer,Laptop,Technology,55000,5,275000
40,2024-08-26,Customer 036,Delhi,Corporate,Smartphone,Technology,30000,1,30000
155,2024-08-26,Customer 002,Delhi,Consumer,Smartphone,Technology,30000,3,90000
327,2024-08-27,Customer 024,Hyderabad,Small Business,Smartphone,Technology,30000,4,120000
545,2024-08-28,Customer 025,Bengaluru,Corporate,Bookshelf,Furniture,6000,1,6000
569,2024-08-28,Customer 024,Hyderabad,Small Business,Smartphone,Technology,30000,5,150000
69,2024-09-01,Customer 008,Bengaluru,Consumer,Smartphone,Technology,30000,2,60000
125,2024-09-01,Customer 026,Bengaluru,Small Business,Stapler,Office Supplies,250,5,1250
152,2024-09-01,Customer 034,Delhi,Corporate,Headphones,Technology,2500,1,2500
387,2024-09-01,Customer 033,Bengaluru,Corporate,Stapler,Office Supplies,250,2,500
392,2024-09-01,Customer 025,Bengaluru,Corporate,Filing Cabinet,Furniture,9000,1,9000
70,2024-09-02,Customer 024,Hyderabad,Small Business,Stapler,Office Supplies,250,5,1250
197,2024-09-02,Customer 030,Bengaluru,Consumer,Smartphone,Technology,30000,3,90000
650,2024-09-02,Customer 024,Hyderabad,Small Business,Pen Set,Office Supplies,150,5,750
329,2024-09-03,Customer 026,Bengaluru,Small Business,Office Chair,Furniture,8000,3,24000
17,2024-09-04,Customer 020,Hyderabad,Consumer,Printer Paper,Office Supplies,300,5,1500
85,2024-09-04,Customer 025,Bengaluru,Corporate,Stapler,Office Supplies,250,2,500
256,2024-09-04,Customer 030,Bengaluru,Consumer,Desk,Furniture,15000,3,45000
345,2024-09-05,Customer 004,Bengaluru,Small Business,Filing Cabinet,Furniture,9000,1,9000
375,2024-09-05,Customer 028,Pune,Corporate,Smartphone,Technology,30000,2,60000
475,2024-09-05,Customer 021,Delhi,Corporate,Stapler,Office Supplies,250,3,750
49,2024-09-06,Customer 004,Bengaluru,Small Business,Whiteboard,Office Supplies,2000,1,2000
630,2024-09-06,Customer 025,Bengaluru,Corporate,Monitor,Technology,12000,2,24000
643,2024-09-06,Customer 036,Delhi,Corporate,Laptop,Technology,55000,4,220000
665,2024-09-06,Customer 036,Delhi,Corporate,Monitor,Technology,12000,3,36000
671,2024-09-06,Customer 024,Hyderabad,Small Business,Desk,Furniture,15000,2,30000
682,2024-09-06,Customer 032,Bengaluru,Consumer,Office Chair,Furniture,8000,2,16000
700,2024-09-06,Customer 021,Delhi,Corporate,Pen Set,Office Supplies,150,3,450
467,2024-09-07,Customer 024,Hyderabad,Small Business,Whiteboard,Office Supplies,2000,3,6000
534,2024-09-07,Customer 037,Mumbai,Small Business,Whiteboard,Office Supplies,2000,2,4000
693,2024-09-07,Customer 028,Pune,Corporate,Smartphone,Technology,30000,2,60000
737,2024-09-07,Customer 026,Bengaluru,Small Business,Office Chair,Furniture,8000,1,8000
31,2024-09-08,Customer 018,Mumbai,Corporate,Printer Paper,Office Supplies,300,4,1200
275,2024-09-09,Customer 012,Pune,Corporate,Smartphone,Technology,30000,1,30000
500,2024-09-09,Customer 036,Delhi,Corporate,Pen Set,Office Supplies,150,3,450
90,2024-09-10,Customer 027,Delhi,Small Business,Desk,Furniture,15000,4,60000
287,2024-09-10,Customer 030,Bengaluru,Consumer,Whiteboard,Office Supplies,2000,5,10000
596,2024-09-10,Customer 002,Delhi,Consumer,Whiteboard,Office Supplies,2000,4,8000
689,2024-09-10,Customer 011,Pune,Consumer,Notebook,Office Supplies,80,4,320
296,2024-09-11,Customer 008,Bengaluru,Consumer,Bookshelf,Furniture,6000,3,18000
563,2024-09-11,Customer 027,Delhi,Small Business,Bookshelf,Furniture,6000,2,12000
749,2024-09-11,Customer 026,Bengaluru,Small Business,Stapler,Office Supplies,250,1,250
491,2024-09-12,Customer 017,Delhi,Consumer,Stapler,Office Supplies,250,4,1000
215,2024-09-13,Customer 030,Bengaluru,Consumer,Desk,Furniture,15000,2,30000
538,2024-09-14,Customer 030,Bengaluru,Consumer,Stapler,Office Supplies,250,1,250
666,2024-09-14,Customer 030,Bengaluru,Consumer,Headphones,Technology,2500,4,10000
221,2024-09-15,Customer 001,Bengaluru,Consumer,Pen Set,Office Supplies,150,2,300
532,2024-09-15,Customer 034,Delhi,Corporate,Pen Set,Office Supplies,150,3,450
537,2024-09-15,Customer 004,Bengaluru,Small Business,Filing Cabinet,Furniture,9000,2,18000
539,2024-09-15,Customer 020,Hyderabad,Consumer,Pen Set,Office Supplies,150,1,150
65,2024-09-16,Customer 017,Delhi,Consumer,Laptop,Technology,55000,1,55000
214,2024-09-16,Customer 023,Bengaluru,Small Business,Desk,Furniture,15000,5,75000
562,2024-09-16,Customer 004,Bengaluru,Small Business,Desk,Furniture,15000,4,60000
661,2024-09-16,Customer 023,Bengaluru,Small Business,Filing Cabinet,Furniture,9000,1,9000
567,2024-09-17,Customer 009,Mumbai,Small Business,Bookshelf,Furniture,6000,2,12000
280,2024-09-19,Customer 007,Bengaluru,Consumer,Filing Cabinet,Furniture,9000,5,45000
431,2024-09-19,Customer 024,Hyderabad,Small Business,Filing Cabinet,Furniture,9000,5,45000
561,2024-09-19,Customer 012,Pune,Corporate,Printer Paper,Office Supplies,300,4,1200
163,2024-09-20,Customer 019,Bengaluru,Consumer,Smartphone,Technology,30000,2,60000
348,2024-09-20,Customer 011,Pune,Consumer,Desk,Furniture,15000,3,45000
747,2024-09-20,Customer 010,Pune,Consumer,Office Chair,Furniture,8000,1,8000
268,2024-09-21,Customer 023,Bengaluru,Small Business,Laptop,Technology,55000,4,220000
578,2024-09-21,Customer 023,Bengaluru,Small Business,Office Chair,Furniture,8000,3,24000
673,2024-09-21,Customer 021,Delhi,Corporate,Stapler,Office Supplies,250,4,1000
87,2024-09-22,Customer 013,Mumbai,Corporate,Desk,Furniture,15000,4,60000
208,2024-09-23,Customer 018,Mumbai,Corporate,Bookshelf,Furniture,6000,4,24000
286,2024-09-23,Customer 021,Delhi,Corporate,Bookshelf,Furniture,6000,5,30000
321,2024-09-23,Customer 015,Bengaluru,Consumer,Whiteboard,Office Supplies,2000,5,10000
383,2024-09-24,Customer 039,Bengaluru,Small Business,Whiteboard,Office Supplies,2000,4,8000
613,2024-09-24,Customer 023,Bengaluru,Small Business,Laptop,Technology,55000,1,55000
19,2024-09-25,Customer 034,Delhi,Corporate,Laptop,Technology,55000,5,275000
25,2024-09-25,Customer 013,Mumbai,Corporate,Pen Set,Office Supplies,150,3,450
173,2024-09-25,Customer 027,Delhi,Small Business,Stapler,Office Supplies,250,5,1250
361,2024-09-25,Customer 035,Delhi,Consumer,Pen Set,Office Supplies,150,5,750
199,2024-09-27,Customer 001,Bengaluru,Consumer,Printer Paper,Office Supplies,300,5,1500
191,2024-10-01,Customer 018,Mumbai,Corporate,Stapler,Office Supplies,250,1,250
274,2024-10-01,Customer 018,Mumbai,Corporate,Monitor,Technology,12000,2,24000
729,2024-10-01,Customer 040,Mumbai,Small Business,Printer Paper,Office Supplies,300,2,600
52,2024-10-02,Customer 040,Mumbai,Small Business,Smartphone,Technology,30000,4,120000
317,2024-10-02,Customer 001,Bengaluru,Consumer,Headphones,Technology,2500,3,7500
417,2024-10-02,Customer 039,Bengaluru,Small Business,Monitor,Technology,12000,4,48000
226,2024-10-03,Customer 016,Hyderabad,Corporate,Printer Paper,Office Supplies,300,3,900
541,2024-10-03,Customer 003,Mumbai,Consumer,Bookshelf,Furniture,6000,3,18000
781,2024-10-04,Customer 033,Bengaluru,Corporate,Monitor,Technology,12000,4,48000
419,2024-10-05,Customer 034,Delhi,Corporate,Desk,Furniture,15000,4,60000
452,2024-10-05,Customer 021,Delhi,Corporate,Pen Set,Office Supplies,150,3,450
680,2024-10-05,Customer 037,Mumbai,Small Business,Bookshelf,Furniture,6000,4,24000
713,2024-10-05,Customer 037,Mumbai,Small Business,Filing Cabinet,Furniture,9000,3,27000
18,2024-10-07,Customer 010,Pune,Consumer,Desk,Furniture,15000,2,30000
135,2024-10-07,Customer 030,Bengaluru,Consumer,Pen Set,Office Supplies,150,3,450
29,2024-10-08,Customer 001,Bengaluru,Consumer,Smartphone,Technology,30000,1,30000
174,2024-10-08,Customer 034,Delhi,Corporate,Bookshelf,Furniture,6000,4,24000
259,2024-10-08,Customer 005,Pune,Consumer,Printer Paper,Office Supplies,300,4,1200
482,2024-10-08,Customer 004,Bengaluru,Small Business,Stapler,Office Supplies,250,4,1000
723,2024-10-08,Customer 034,Delhi,Corporate,Printer Paper,Office Supplies,300,4,1200
83,2024-10-09,Customer 003,Mumbai,Consumer,Smartphone,Technology,30000,5,150000
245,2024-10-09,Customer 009,Mumbai,Small Business,Printer Paper,Office Supplies,300,1,300
168,2024-10-10,Customer 031,Mumbai,Corporate,Filing Cabinet,Furniture,9000,4,36000
172,2024-10-10,Customer 006,Pune,Corporate,Headphones,Technology,2500,1,2500
277,2024-10-11,Customer 002,Delhi,Consumer,Monitor,Technology,12000,3,36000
477,2024-10-11,Customer 033,Bengaluru,Corporate,Whiteboard,Office Supplies,2000,5,10000
389,2024-10-12,Customer 016,Hyderabad,Corporate,Stapler,Office Supplies,250,4,1000
699,2024-10-12,Customer 035,Delhi,Consumer,Office Chair,Furniture,8000,5,40000
767,2024-10-12,Customer 008,Bengaluru,Consumer,Whiteboard,Office Supplies,2000,1,2000
257,2024-10-13,Customer 024,Hyderabad,Small Business,Smartphone,Technology,30000,2,60000
325,2024-10-13,Customer 027,Delhi,Small Business,Office Chair,Furniture,8000,1,8000
674,2024-10-13,Customer 038,Delhi,Small Business,Smartphone,Technology,30000,3,90000
412,2024-10-14,Customer 018,Mumbai,Corporate,Printer Paper,Office Supplies,300,1,300
447,2024-10-14,Customer 040,Mumbai,Small Business,Printer Paper,Office Supplies,300,1,300
669,2024-10-14,Customer 025,Bengaluru,Corporate,Laptop,Technology,55000,2,110000
741,2024-10-14,Customer 024,Hyderabad,Small Business,Whiteboard,Office Supplies,2000,2,4000
33,2024-10-16,Customer 016,Hyderabad,Corporate,Notebook,Office Supplies,80,4,320
481,2024-10-16,Customer 017,Delhi,Consumer,Printer Paper,Office Supplies,300,5,1500
773,2024-10-16,Customer 013,Mumbai,Corporate,Pen Set,Office Supplies,150,5,750
299,2024-10-17,Customer 014,Pune,Corporate,Monitor,Technology,12000,4,48000
343,2024-10-18,Customer 003,Mumbai,Consumer,Filing Cabinet,Furniture,9000,5,45000
93,2024-10-19,Customer 020,Hyderabad,Consumer,Bookshelf,Furniture,6000,5,30000
213,2024-10-19,Customer 032,Bengaluru,Consumer,Monitor,Technology,12000,4,48000
583,2024-10-19,Customer 027,Delhi,Small Business,Office Chair,Furniture,8000,2,16000
798,2024-10-19,Customer 017,Delhi,Consumer,Smartphone,Technology,30000,1,30000
95,2024-10-20,Customer 021,Delhi,Corporate,Filing Cabinet,Furniture,9000,4,36000
176,2024-10-20,Customer 004,Bengaluru,Small Business,Stapler,Office Supplies,250,1,250
310,2024-10-20,Customer 006,Pune,Corporate,Laptop,Technology,55000,2,110000
342,2024-10-20,Customer 033,Bengaluru,Corporate,Bookshelf,Furniture,6000,4,24000
615,2024-10-20,Customer 026,Bengaluru,Small Business,Notebook,Office Supplies,80,3,240
735,2024-10-20,Customer 039,Bengaluru,Small Business,Office Chair,Furniture,8000,1,8000
651,2024-10-21,Customer 006,Pune,Corporate,Smartphone,Technology,30000,2,60000
303,2024-10-22,Customer 036,Delhi,Corporate,Laptop,Technology,55000,5,275000
415,2024-10-22,Customer 029,Pune,Consumer,Laptop,Technology,55000,2,110000
496,2024-10-22,Customer 035,Delhi,Consumer,Bookshelf,Furniture,6000,4,24000
517,2024-10-22,Customer 013,Mumbai,Corporate,Monitor,Technology,12000,5,60000
762,2024-10-22,Customer 008,Bengaluru,Consumer,Headphones,Technology,2500,5,12500
410,2024-10-23,Customer 028,Pune,Corporate,Monitor,Technology,12000,4,48000
47,2024-10-24,Customer 035,Delhi,Consumer,Laptop,Technology,55000,3,165000
243,2024-10-24,Customer 032,Bengaluru,Consumer,Office Chair,Furniture,8000,2,16000
690,2024-10-24,Customer 032,Bengaluru,Consumer,Whiteboard,Office Supplies,2000,5,10000
244,2024-10-26,Customer 023,Bengaluru,Small Business,Headphones,Technology,2500,2,5000
611,2024-10-27,Customer 025,Bengaluru,Corporate,Printer Paper,Office Supplies,300,5,1500
101,2024-10-28,Customer 005,Pune,Consumer,Filing Cabinet,Furniture,9000,4,36000
605,2024-10-28,Customer 007,Bengaluru,Consumer,Whiteboard,Office Supplies,2000,1,2000
126,2024-11-01,Customer 006,Pune,Corporate,Printer Paper,Office Supplies,300,4,1200
589,2024-11-02,Customer 034,Delhi,Corporate,Laptop,Technology,55000,1,55000
590,2024-11-02,Customer 001,Bengaluru,Consumer,Bookshelf,Furniture,6000,2,12000
608,2024-11-02,Customer 012,Pune,Corporate,Desk,Furniture,15000,1,15000
132,2024-11-03,Customer 003,Mumbai,Consumer,Notebook,Office Supplies,80,1,80
224,2024-11-03,Customer 022,Pune,Corporate,Printer Paper,Office Supplies,300,5,1500
759,2024-11-03,Customer 032,Bengaluru,Consumer,Filing Cabinet,Furniture,9000,5,45000
331,2024-11-04,Customer 034,Delhi,Corporate,Whiteboard,Office Supplies,2000,2,4000
664,2024-11-04,Customer 011,Pune,Consumer,Pen Set,Office Supplies,150,2,300
647,2024-11-05,Customer 028,Pune,Corporate,Notebook,Office Supplies,80,4,320
703,2024-11-05,Customer 009,Mumbai,Small Business,Headphones,Technology,2500,2,5000
783,2024-11-05,Customer 016,Hyderabad,Corporate,Office Chair,Furniture,8000,3,24000
11,2024-11-06,Customer 028,Pune,Corporate,Stapler,Office Supplies,250,1,250
667,2024-11-06,Customer 012,Pune,Corporate,Printer Paper,Office Supplies,300,4,1200
270,2024-11-07,Customer 039,Bengaluru,Small Business,Laptop,Technology,55000,1,55000
344,2024-11-07,Customer 021,Delhi,Corporate,Stapler,Office Supplies,250,4,1000
536,2024-11-07,Customer 038,Delhi,Small Business,Filing Cabinet,Furniture,9000,1,9000
73,2024-11-08,Customer 007,Bengaluru,Consumer,Desk,Furniture,15000,5,75000
591,2024-11-08,Customer 005,Pune,Consumer,Pen Set,Office Supplies,150,2,300
145,2024-11-09,Customer 040,Mumbai,Small Business,Notebook,Office Supplies,80,5,400
235,2024-11-09,Customer 030,Bengaluru,Consumer,Office Chair,Furniture,8000,1,8000
499,2024-11-09,Customer 031,Mumbai,Corporate,Headphones,Technology,2500,2,5000
316,2024-11-10,Customer 003,Mumbai,Consumer,Headphones,Technology,2500,4,10000
736,2024-11-10,Customer 014,Pune,Corporate,Whiteboard,Office Supplies,2000,5,10000
149,2024-11-13,Customer 022,Pune,Corporate,Laptop,Technology,55000,4,220000
393,2024-11-13,Customer 024,Hyderabad,Small Business,Office Chair,Furniture,8000,1,8000
518,2024-11-13,Customer 028,Pune,Corporate,Whiteboard,Office Supplies,2000,3,6000
66,2024-11-14,Customer 018,Mumbai,Corporate,Laptop,Technology,55000,1,55000
706,2024-11-14,Customer 025,Bengaluru,Corporate,Filing Cabinet,Furniture,9000,1,9000
398,2024-11-15,Customer 031,Mumbai,Corporate,Printer Paper,Office Supplies,300,2,600
293,2024-11-16,Customer 005,Pune,Consumer,Smartphone,Technology,30000,1,30000
436,2024-11-17,Customer 023,Bengaluru,Small Business,Monitor,Technology,12000,5,60000
14,2024-11-18,Customer 018,Mumbai,Corporate,Notebook,Office Supplies,80,3,240
41,2024-11-18,Customer 001,Bengaluru,Consumer,Smartphone,Technology,30000,2,60000
53,2024-11-19,Customer 037,Mumbai,Small Business,Whiteboard,Office Supplies,2000,3,6000
102,2024-11-19,Customer 013,Mumbai,Corporate,Pen Set,Office Supplies,150,4,600
369,2024-11-19,Customer 029,Pune,Consumer,Filing Cabinet,Furniture,9000,3,27000
437,2024-11-19,Customer 012,Pune,Corporate,Notebook,Office Supplies,80,2,160
508,2024-11-19,Customer 015,Bengaluru,Consumer,Whiteboard,Office Supplies,2000,1,2000
140,2024-11-20,Customer 008,Bengaluru,Consumer,Notebook,Office Supplies,80,5,400
204,2024-11-20,Customer 016,Hyderabad,Corporate,Pen Set,Office Supplies,150,2,300
350,2024-11-20,Customer 004,Bengaluru,Small Business,Notebook,Office Supplies,80,3,240
36,2024-11-21,Customer 007,Bengaluru,Consumer,Laptop,Technology,55000,4,220000
98,2024-11-21,Customer 040,Mumbai,Small Business,Desk,Furniture,15000,1,15000
246,2024-11-21,Customer 003,Mumbai,Consumer,Office Chair,Furniture,8000,4,32000
315,2024-11-22,Customer 038,Delhi,Small Business,Filing Cabinet,Furniture,9000,5,45000
546,2024-11-22,Customer 035,Delhi,Consumer,Monitor,Technology,12000,3,36000
652,2024-11-22,Customer 023,Bengaluru,Small Business,Monitor,Technology,12000,5,60000
728,2024-11-22,Customer 010,Pune,Consumer,Smartphone,Technology,30000,5,150000
228,2024-11-23,Customer 007,Bengaluru,Consumer,Filing Cabinet,Furniture,9000,2,18000
354,2024-11-23,Customer 026,Bengaluru,Small Business,Monitor,Technology,12000,5,60000
676,2024-11-23,Customer 020,Hyderabad,Consumer,Stapler,Office Supplies,250,5,1250
745,2024-11-23,Customer 033,Bengaluru,Corporate,Notebook,Office Supplies,80,4,320
254,2024-11-24,Customer 026,Bengaluru,Small Business,Notebook,Office Supplies,80,5,400
366,2024-11-24,Customer 016,Hyderabad,Corporate,Filing Cabinet,Furniture,9000,5,45000
753,2024-11-24,Customer 012,Pune,Corporate,Smartphone,Technology,30000,1,30000
297,2024-11-25,Customer 028,Pune,Corporate,Pen Set,Office Supplies,150,1,150
531,2024-11-25,Customer 039,Bengaluru,Small Business,Notebook,Office Supplies,80,1,80
714,2024-11-25,Customer 004,Bengaluru,Small Business,Laptop,Technology,55000,1,55000
232,2024-11-26,Customer 012,Pune,Corporate,Monitor,Technology,12000,2,24000
322,2024-11-26,Customer 023,Bengaluru,Small Business,Smartphone,Technology,30000,4,120000
356,2024-11-26,Customer 022,Pune,Corporate,Monitor,Technology,12000,5,60000
707,2024-11-26,Customer 006,Pune,Corporate,Bookshelf,Furniture,6000,5,30000
715,2024-11-26,Customer 030,Bengaluru,Consumer,Laptop,Technology,55000,1,55000
207,2024-11-27,Customer 010,Pune,Consumer,Filing Cabinet,Furniture,9000,3,27000
304,2024-11-27,Customer 018,Mumbai,Corporate,Laptop,Technology,55000,2,110000
530,2024-11-27,Customer 014,Pune,Corporate,Notebook,Office Supplies,80,2,160
89,2024-11-28,Customer 008,Bengaluru,Consumer,Pen Set,Office Supplies,150,3,450
167,2024-11-28,Customer 032,Bengaluru,Consumer,Smartphone,Technology,30000,1,30000
119,2024-12-01,Customer 037,Mumbai,Small Business,Bookshelf,Furniture,6000,4,24000
323,2024-12-02,Customer 028,Pune,Corporate,Laptop,Technology,55000,4,220000
279,2024-12-03,Customer 031,Mumbai,Corporate,Filing Cabinet,Furniture,9000,3,27000
355,2024-12-03,Customer 020,Hyderabad,Consumer,Whiteboard,Office Supplies,2000,4,8000
427,2024-12-03,Customer 036,Delhi,Corporate,Whiteboard,Office Supplies,2000,3,6000
542,2024-12-03,Customer 035,Delhi,Consumer,Laptop,Technology,55000,1,55000
620,2024-12-03,Customer 006,Pune,Corporate,Office Chair,Furniture,8000,2,16000
645,2024-12-03,Customer 027,Delhi,Small Business,Printer Paper,Office Supplies,300,4,1200
77,2024-12-04,Customer 025,Bengaluru,Corporate,Laptop,Technology,55000,4,220000
485,2024-12-04,Customer 013,Mumbai,Corporate,Laptop,Technology,55000,4,220000
526,2024-12-04,Customer 019,Bengaluru,Consumer,Desk,Furniture,15000,5,75000
757,2024-12-04,Customer 002,Delhi,Consumer,Desk,Furniture,15000,4,60000
144,2024-12-05,Customer 028,Pune,Corporate,Monitor,Technology,12000,5,60000
388,2024-12-05,Customer 019,Bengaluru,Consumer,Bookshelf,Furniture,6000,1,6000
488,2024-12-05,Customer 034,Delhi,Corporate,Headphones,Technology,2500,5,12500
582,2024-12-05,Customer 002,Delhi,Consumer,Office Chair,Furniture,8000,5,40000
679,2024-12-05,Customer 033,Bengaluru,Corporate,Bookshelf,Furniture,6000,4,24000
725,2024-12-05,Customer 031,Mumbai,Corporate,Smartphone,Technology,30000,2,60000
754,2024-12-05,Customer 001,Bengaluru,Consumer,Monitor,Technology,12000,4,48000
97,2024-12-06,Customer 006,Pune,Corporate,Office Chair,Furniture,8000,5,40000
124,2024-12-06,Customer 030,Bengaluru,Consumer,Monitor,Technology,12000,5,60000
116,2024-12-07,Customer 005,Pune,Consumer,Bookshelf,Furniture,6000,4,24000
576,2024-12-07,Customer 026,Bengaluru,Small Business,Headphones,Technology,2500,5,12500
644,2024-12-07,Customer 029,Pune,Consumer,Notebook,Office Supplies,80,3,240
1,2024-12-08,Customer 011,Pune,Consumer,Filing Cabinet,Furniture,9000,4,36000
216,2024-12-08,Customer 037,Mumbai,Small Business,Bookshelf,Furniture,6000,2,12000
440,2024-12-08,Customer 023,Bengaluru,Small Business,Whiteboard,Office Supplies,2000,3,6000
792,2024-12-08,Customer 023,Bengaluru,Small Business,Bookshelf,Furniture,6000,5,30000
238,2024-12-09,Customer 030,Bengaluru,Consumer,Office Chair,Furniture,8000,2,16000
708,2024-12-09,Customer 024,Hyderabad,Small Business,Filing Cabinet,Furniture,9000,4,36000
60,2024-12-10,Customer 040,Mumbai,Small Business,Notebook,Office Supplies,80,5,400
91,2024-12-10,Customer 036,Delhi,Corporate,Monitor,Technology,12000,2,24000
181,2024-12-10,Customer 030,Bengaluru,Consumer,Smartphone,Technology,30000,2,60000
229,2024-12-10,Customer 002,Delhi,Consumer,Laptop,Technology,55000,3,165000
241,2024-12-10,Customer 002,Delhi,Consumer,Printer Paper,Office Supplies,300,4,1200
260,2024-12-10,Customer 027,Delhi,Small Business,Smartphone,Technology,30000,2,60000
5,2024-12-11,Customer 014,Pune,Corporate,Printer Paper,Office Supplies,300,4,1200
37,2024-12-11,Customer 007,Bengaluru,Consumer,Headphones,Technology,2500,2,5000
64,2024-12-11,Customer 014,Pune,Corporate,Printer Paper,Office Supplies,300,3,900
704,2024-12-11,Customer 016,Hyderabad,Corporate,Notebook,Office Supplies,80,4,320
266,2024-12-12,Customer 014,Pune,Corporate,Filing Cabinet,Furniture,9000,4,36000
780,2024-12-12,Customer 030,Bengaluru,Consumer,Pen Set,Office Supplies,150,1,150
187,2024-12-13,Customer 018,Mumbai,Corporate,Whiteboard,Office Supplies,2000,5,10000
320,2024-12-14,Customer 012,Pune,Corporate,Monitor,Technology,12000,4,48000
407,2024-12-14,Customer 006,Pune,Corporate,Bookshelf,Furniture,6000,5,30000
159,2024-12-15,Customer 018,Mumbai,Corporate,Office Chair,Furniture,8000,3,24000
365,2024-12-15,Customer 003,Mumbai,Consumer,Bookshelf,Furniture,6000,3,18000
423,2024-12-15,Customer 014,Pune,Corporate,Stapler,Office Supplies,250,3,750
515,2024-12-15,Customer 017,Delhi,Consumer,Pen Set,Office Supplies,150,2,300
710,2024-12-15,Customer 023,Bengaluru,Small Business,Smartphone,Technology,30000,5,150000
162,2024-12-16,Customer 018,Mumbai,Corporate,Pen Set,Office Supplies,150,5,750
381,2024-12-16,Customer 029,Pune,Consumer,Stapler,Office Supplies,250,1,250
424,2024-12-16,Customer 013,Mumbai,Corporate,Smartphone,Technology,30000,2,60000
580,2024-12-16,Customer 021,Delhi,Corporate,Headphones,Technology,2500,3,7500
105,2024-12-17,Customer 030,Bengaluru,Consumer,Laptop,Technology,55000,5,275000
131,2024-12-18,Customer 004,Bengaluru,Small Business,Desk,Furniture,15000,2,30000
161,2024-12-18,Customer 012,Pune,Corporate,Headphones,Technology,2500,2,5000
529,2024-12-18,Customer 031,Mumbai,Corporate,Notebook,Office Supplies,80,5,400
588,2024-12-18,Customer 032,Bengaluru,Consumer,Monitor,Technology,12000,5,60000
8,2024-12-19,Customer 028,Pune,Corporate,Stapler,Office Supplies,250,4,1000
656,2024-12-19,Customer 015,Bengaluru,Consumer,Filing Cabinet,Furniture,9000,3,27000
697,2024-12-20,Customer 028,Pune,Corporate,Monitor,Technology,12000,5,60000
772,2024-12-20,Customer 016,Hyderabad,Corporate,Filing Cabinet,Furniture,9000,3,27000
395,2024-12-22,Customer 007,Bengaluru,Consumer,Notebook,Office Supplies,80,5,400
414,2024-12-22,Customer 011,Pune,Consumer,Laptop,Technology,55000,2,110000
494,2024-12-23,Customer 032,Bengaluru,Consumer,Desk,Furniture,15000,4,60000
45,2024-12-24,Customer 036,Delhi,Corporate,Printer Paper,Office Supplies,300,4,1200
264,2024-12-24,Customer 010,Pune,Consumer,Bookshelf,Furniture,6000,1,6000
396,2024-12-25,Customer 022,Pune,Corporate,Monitor,Technology,12000,1,12000
575,2024-12-25,Customer 031,Mumbai,Corporate,Headphones,Technology,2500,5,12500
218,2024-12-26,Customer 025,Bengaluru,Corporate,Bookshelf,Furniture,6000,2,12000
570,2024-12-27,Customer 013,Mumbai,Corporate,Laptop,Technology,55000,3,165000
110,2024-12-28,Customer 031,Mumbai,Corporate,Filing Cabinet,Furniture,9000,3,27000
252,2024-12-28,Customer 022,Pune,Corporate,Notebook,Office Supplies,80,1,80
289,2024-12-28,Customer 014,Pune,Corporate,Bookshelf,Furniture,6000,4,24000
453,2024-12-28,Customer 023,Bengaluru,Small Business,Bookshelf,Furniture,6000,2,12000
